1010433;MONTE LEONE COM MOTOS PECAS SERVS LTDA;MONTE LEONE MOTOS;SAO CAETANO DO SUL;SP
1011006;COMSTAR VEICULOS LTDA;COMSTAR;SAO PAULO;SP
1011677;GUARUMOTO VEICULOS LTDA;GUARUMOTO;GUARULHOS;SP
1012916;MOTORODA COM DE MOTOCS E VEICULOS LTDA;MOTORODA;SAO CAETANO DO SUL;SP
1014706;JAPAUTO COMERCIO DE MOTOCICLETAS LTDA;JAPAUTO ALPHAVILLE;BARUERI;SP
1014684;JAPAUTO SAO PAULO DIST MOTOS VEICS LTDA;JAPAUTO LIBERDADE;SAO PAULO;SP
1016717;MOTO REMAZA DISTR VEICULOS E PECAS LTDA;REMAZA IBIRAPUERA;SAO PAULO;SP
1017179;STR MOTOS LTDA;STR MOTOS;OSASCO;SP
1017365;AKIRA COMERCIAL LTDA;AKIRA MOTOS;SAO PAULO;SP
1034952;MOTO REMAZA DISTR VEICULOS E PECAS LTDA;REMAZA CENTRO;SAO PAULO;SP
1024701;JAPAUTO COMERCIO DE MOTOCICLETAS LTDA;JAPAUTO VILA MARIA;SAO PAULO;SP
1034707;JAPAUTO COMERCIO DE MOTOCICLETAS LTDA;JAPAUTO SANDRE;SANTO ANDRE;SP
1019783;MOTOS HIRAYAMA LTDA;AKIRA DIADEMA;DIADEMA;SP
1054953;MOTO REMAZA DISTR VEICULOS E PECAS LTDA;REMAZA SBC;SAO BERNARDO DO CAMPO;SP
1064959;MOTO REMAZA DISTR VEICULOS E PECAS LTDA;REMAZA TATUAPE;SAO PAULO;SP
1044702;JAPAUTO COMERCIO DE MOTOCICLETAS LTDA;JAPAUTO MAUA;MAUA;SP
1024680;JAPAUTO SAO PAULO DIST MOTOS VEICS LTDA;JAPAUTO FRANCO ROCHA;FRANCO DA ROCHA;SP
1031007;COMSTAR VEICULOS LTDA;COMSTAR COTIA;COTIA;SP
1591998;STR MOTOS LTDA;STR CAMPO LIMPO;SAO PAULO;SP
1593003;GUARUMOTO VEICULOS LTDA;GUARUMOTO SAO MATEUS;SAO PAULO;SP
1593615;JAPAUTO COMERCIO DE MOTOCICLETAS LTDA;JAPAUTO SANTO AMARO;SAO PAULO;SP
1597124;ASTRA MOTOS COMERCIO LTDA;ASTRA MOTOS;SAO PAULO;SP
1598308;MOTO CENTER EVEREST LTDA;MOTO EVEREST;SAO PAULO;SP
1598309;MOTO CENTER EVEREST LTDA;MOTO EVEREST GUARULHOS;GUARULHOS;SP
1604170;JAPAUTO COMERCIO DE MOTOCICLETAS LTDA;JAPAUTO ITAQUERA;SAO PAULO;SP
1604654;MOTO REMAZA DISTR VEICULOS E PECAS LTDA;REMAZA BUTANTA;SAO PAULO;SP
1607462;HIRAYAMA E CIA LTDA;AKIRA SUZANO;SUZANO;SP
1609665;MONTE LEONE COM MOTOS PECAS SERVS LTDA;MONTE LEONE BRASILAN;SAO PAULO;SP
1609760;GENIAL COMERCIO DE MOTOS LTDA;GENIAL;SAO PAULO;SP
1619247;HIURI COMERCIO DE MOTOS E SERVICOS LTDA;HIURI MOTOS;SAO PAULO;SP
1619897;GENIAL LESTE COMERCIO DE MOTOS LTDA;GENIAL LESTE;SAO PAULO;SP
1620439;JAPAUTO COMERCIO DE MOTOCICLETAS LTDA;JAPAUTO ITAIM PTA;SAO PAULO;SP
1621371;TEAMTRENDS VEICULOS LTDA;TRENDS MOTOS LAPA;SAO PAULO;SP
1624759;COMSTAR VEICULOS LTDA;COMSTAR INTERLAGOS;SAO PAULO;SP
1625155;JAPAUTO SAO PAULO DIST MOTOS VEICS LTDA;JAPAUTO PIRITUBA;SAO PAULO;SP
1625437;NOVA RADAR MOTOS LTDA;NOVA RADAR MOTOS;OSASCO;SP
1625440;MOTO REMAZA DISTR VEICULOS E PECAS LTDA;REMAZA RUDGE RAMOS;SAO BERNARDO DO CAMPO;SP
1626051;STR MOTOS LTDA;STR RIO PEQUENO;SAO PAULO;SP
1630821;AKIRA COMERCIAL LTDA;AKIRA PENHA;SAO PAULO;SP
1633570;MOTO FIELD COM MOT,PEC SERV MAN MOT LTDA;MOTO FIELD;MOGI DAS CRUZES;SP
1634313;MOTO REMAZA DISTR VEICULOS E PECAS LTDA;REMAZA IPIRANGA;SAO PAULO;SP
1012177;LEVESA LESTE VEICULOS LTDA;LEVESA.;SAO PAULO;SP
1013467;SAGA VEICULOS LTDA;TRENDS MOTOS;VALINHOS;SP
1012410;MILAMOTO VEICULOS LTDA;MILAMOTO JUNDIAI;JUNDIAI;SP
1010166;ANDRA VEICULOS LTDA;ANDRA;CAMPINAS;SP
1011243;MOTO BRISA LTDA;MOTOBRISA;AMPARO;SP
1021893;BRAG MOTO COM DE VEICS E MAQUINAS LTDA;BRAGMOTO;BRAGANCA PAULISTA;SP
1012584;MOTO SNOB COM E REPRESENTACOES LTDA;MOTOSNOB AMERIC;AMERICANA;SP
1022610;MOTOVELOZ VEICULOS LTDA;MOTOVELOZ;CAMPINAS;SP
1013238;PRO-LINK VEICULOS LTDA;PROLINK;INDAIATUBA;SP
1024949;WINNER COM E REPRES LTDA;WINNER;LIMEIRA;SP
1015419;MOTOMIL PIRACICABA COM IMP LTDA;MOTOMIL PIRACIC;PIRACICABA;SP
1015532;MOTOMIL DE CAMPINAS COM E IMP LTDA;MOTOMIL CAMPINA;CAMPINAS;SP
1016695;AVERSA MOTOS LTDA;AVERSA;PIRACICABA;SP
1032585;MOTO SNOB COM E REPRESENTACOES LTDA;MOTOSNOB SUMARE;SUMARE;SP
1019163;COMERCIO DE VEIC E MOTOC JUNDIAI LTDA;BM MOTOS;JUNDIAI;SP
1022415;MILAMOTO COMERCIO DE VEICULOS LTDA;MILAMOTO ITATIBA;ITATIBA;SP
1042580;MOTO SNOB COM E REPRESENTACOES LTDA;MOTOSNOB STABARBARA;SANTA BARBARA D'OESTE;SP
1594087;ANDRA VEICULOS LTDA;ANDRA PAULINIA;PAULINIA;SP
1594776;MOTO SNOB COM E REPRESENTACOES LTDA;MOTOSNOB HORTOLANDIA;HORTOLANDIA;SP
1596420;WINNER COMERCIO DE VEICULOS LTDA;WINNER CAMPINAS;CAMPINAS;SP
1603904;SAGA VEICULOS LTDA;TRENDS CAMPINAS;CAMPINAS;SP
1606659;COMERCIO DE VEIC E MOTOC JUNDIAI LTDA;BM VARZEA PAULISTA;VARZEA PAULISTA;SP
1630246;TSUJI MOTOS LTDA;TSUJI MOTOS;ATIBAIA;SP
1609734;AVERSA MOTOS LTDA;AVERSA VILA REZENDE;PIRACICABA;SP
1618737;MOTO SNOB COM E REPRESENTACOES LTDA;MOTOSNOB NOVA ODESSA;NOVA ODESSA;SP
1625002;MOTO BRISA LTDA;MOTOBRISA JAGUARIUNA;JAGUARIUNA;SP
1628112;SAGA VEICULOS LTDA;TRENDS AMERICANA;AMERICANA;SP
1636257;WINNER COMERCIO DE VEICULOS LTDA;WINNER SUMARE;SUMARE;SP
1010220;PERES DIESEL VEICULOS S/A;PERES PIRASSUNU;PIRASSUNUNGA;SP
1029517;NOVAMOTO VEICULOS LTDA;NOVAMOTO SAOCARLOS;SAO CARLOS;SP
1010808;COMERCIAL ESPORT MOTOR LTDA;ESPORT MOTOR;RIO CLARO;SP
1014447;ORLANDIA MOTO LTDA;MOTORLANDIA;ORLANDIA;SP
1014323;MOTOCOR-MOCOCA COMERCIO E REP. LTDA;MOTOCOR;MOCOCA;SP
1014960;COMERCIAL FRANCANA DE VEICULOS LTDA;HIDOMOTOS;FRANCA;SP
1015257;LUANA MOTOS LTDA;LUANA;FRANCA;SP
1015494;R PERRI COM DE VEICULOS LTDA;RPMOTOS;SERTAOZINHO;SP
1016393;RAFAEL ANANIAS & CIA LTDA;MOTOASA RIB.PRETO;RIBEIRAO PRETO;SP
1019570;MUNDIAL CENTER MOTOS LTDA;MUNDIAL MOTOS;ARARAS;SP
1026704;MOTO ZEMA LTDA;MOTOZEMA ITUVERAVA;ITUVERAVA;SP
1019511;NOVAMOTO VEICULOS LTDA;NOVAMOTO ARARAQUARA;ARARAQUARA;SP
1026399;RAFAEL ANANIAS & CIA LTDA;MOTOASA IPIRANGA;RIBEIRAO PRETO;SP
1039490;SANTA EMILIA AUTOMOVEIS E MOTOS LTDA;SANTA EMILIA CASTELO;RIBEIRAO PRETO;SP
1029495;SANTA EMILIA AUTOMOVEIS E MOTOS LTDA;SANTA EMILIA MOTOS;RIBEIRAO PRETO;SP
1017497;GUACU MOTOS LTDA;GUACUMOTOS;MOGI GUACU;SP
1616558;NOVAMOTO VEICULOS LTDA;NOVAMOTO IBITINGA;IBITINGA;SP
1617361;MUNDIAL CENTER MOTOS LTDA;MUNDIAL MOTOS LEME;LEME;SP
1619718;ORLANDIA MOTO LTDA;MOTORLANDIA SJOAQUIM;SAO JOAQUIM DA BARRA;SP
1623292;PERES DIESEL VEICULOS S/A;PERES PORTO FERREIRA;PORTO FERREIRA;SP
1623637;NOVAMOTO VEICULOS LTDA;NOVAMOTO SCARLOS CTR;SAO CARLOS;SP
1624880;MUNDIAL DISTRIBUIDORA DE MOTOS LTDA;MUNDIAL MOTOS MMIRIM;MOGI MIRIM;SP
1624884;MUNDIAL DISTRIBUIDORA DE MOTOS LTDA;MUNDIAL MOTOS ITAPI;ITAPIRA;SP
1630927;PERES DIESEL VEICULOS S/A;PERES SJB VISTA;SAO JOAO DA BOA VISTA;SP
1012665;MOTOS ANDRADE LTDA.;MOTOSANDRADE;BARRETOS;SP
1010204;COMERCIAL GRAN RIO MOTO LTDA;GRANRIO;ANDRADINA;SP
1012312;MAVESA MATUOKA VEICULOS LTDA;MAVESA;ADAMANTINA;SP
1013718;ALBATROZ COMERCIO DE MOTOS LTDA.;ALBATROZ;VOTUPORANGA;SP
1021400;MOTO MAX LTDA;MOTOMAX;BEBEDOURO;SP
1014315;CENTER MOTOS PECAS E ACESS.LTDA;CENTER JALES;JALES;SP
1015451;FARIA MOTOS LTDA;FARIA;SAO JOSE DO RIO PRETO;SP
1016032;SPERTA MOTO COMERCIO DE VEICULOS LTDA;SPERTA BIRIGUI;BIRIGUI;SP
1015788;DANDA COMERCIAL DE MOTOS LTDA;DANDA;SAO JOSE DO RIO PRETO;SP
1011081;CREMONE MOTONAUTICA LTDA.;CREMONE;PRESIDENTE PRUDENTE;SP
1010905;PAJE MOTOS LTDA;PAJE;PRESIDENTE VENCESLAU;SP
1018779;PIVETTA MOTOS LTDA;PIVETTA MOTOS;FERNANDOPOLIS;SP
1022318;MAVESA MATUOKA VEICULOS LTDA;MAVESA DRACENA;DRACENA;SP
1036033;SPERTA MOTO COMERCIO DE VEICULOS LTDA;SPERTA ARACATUBA;ARACATUBA;SP
1026038;SPERTA MOTO COMERCIO DE VEICULOS LTDA;SPERTAMOTO PENAPOLIS;PENAPOLIS;SP
1593422;PIVETTA MOTOS MATAO LTDA;PIVETTA MATAO;MATAO;SP
1594180;SPERTA MOTO COMERCIO DE VEICULOS LTDA;SPERTA LINS;LINS;SP
1595307;TEMM MOTOCICLETAS E PECAS LTDA;CAIOBA OLIMPIA;OLIMPIA;SP
1608108;COMERCIAL GRAN RIO MOTO LTDA;GRANRIO ILHASOLTEIRA;ILHA SOLTEIRA;SP
1608480;TEMM MOTOCICLETAS E PECAS LTDA;CAIOBA BARRETOS;BARRETOS;SP
1623377;CICAL MOTONAUTICA LTDA;CICAL ARACATUBA;ARACATUBA;SP
1631480;ANANIAS COMERCIO DE VEICULOS LTDA;MOTOASA JABOTICABAL;JABOTICABAL;SP
1633153;ANANIAS COMERCIO DE VEICULOS LTDA;MOTOASA MONTE ALTO;MONTE ALTO;SP
1637875;D ROJAS ROJAS LTDA;D ROJAS.;CATANDUVA;SP
1010069;AGENCO COM DE AUTOMOVEIS LTDA;AGENCO;JACAREI;SP
1014935;ITANHAEM DISTR DE MOTOS VEICS LTDA;ITANHAEM MOTOS;ITANHAEM;SP
1014986;KADU MOTORES LTDA;KADU LORENA;LORENA;SP
1016407;SANMELL MOTOS LTDA;SANMELL SANTOS;SANTOS;SP
1018574;PLANETA MOTOS LTDA;PLANETA;SAO JOSE DOS CAMPOS;SP
1019619;GOLDEN MOTOS LTDA;GOLDEN MOTOS;PINDAMONHANGABA;SP
1016130;SANMELL MOTOS LTDA;SANMELL;SAO VICENTE;SP
1598492;DUKA MOTORES DE SAO JOSE LTDA;KADU SAO JOSE;SAO JOSE DOS CAMPOS;SP
1599463;SANMELL MOTOS LTDA;CUBATAO MOTOS;CUBATAO;SP
1604672;M & M UNIVERSO COM MOTOC PECAS LTDA;UNIVERSO MOTOS;TAUBATE;SP
1606135;SANMELL MOTOS LTDA;SANMELL PRAIA GRANDE;PRAIA GRANDE;SP
1606527;SANMELL MOTOS LTDA;SANTOS MOTO CENTER;SANTOS;SP
1613231;GOLDEN GUARA COMERCIO DE MOTOS LTDA;GOLDEN GUARA;GUARATINGUETA;SP
1614015;M & M UNIVERSO COM MOTOC PECAS LTDA;UNIVERSO CARAGUA;CARAGUATATUBA;SP
1618875;GOLDEN MOTOS LTDA;GOLDEN CAMPOS JORDAO;CAMPOS DO JORDAO;SP
1622771;SANMELL MOTOS LTDA;SANMELL GUARUJA;GUARUJA;SP
1625449;M & M UNIVERSO COM MOTOC PECAS LTDA;UNIVERSO CENTRO II;TAUBATE;SP
1627504;M & M UNIVERSO COM MOTOC PECAS LTDA;UNIVERSO UBATUBA;UBATUBA;SP
1628651;M & M UNIVERSO COM MOTOCIC PECAS LTDA;UNIVERSO CACAPAVA;CACAPAVA;SP
1013823;VEICULOS SUPER MOTO LTDA;SUPERMOTO;BAURU;SP
1013092;OTSUBO & CIA LTDA;OTSUBO;TUPA;SP
1014633;MOTOPLAZA COMERCIO E REP LTDA;MOTOPLAZA;JAU;SP
1015427;JAIC COMERCIO E IMPORTACAO DE MOTOS LTDA;FREIREMOTOS;MARILIA;SP
1014641;ITAPE MOTOS LTDA;MOTO GUIA ITAPE;ITAPETININGA;SP
1011456;EQUIPAR ASSIS PCS ACES.P/AUTOS LTDA;EQUIPAR;ASSIS;SP
1013670;HIPER MOTO OURINHOS LTDA;HIPERMOTO;OURINHOS;SP
1025422;JAIC COMERCIO E IMPORTACAO DE MOTOS LTDA;FREIREMOTOS GARCA;GARCA;SP
1016792;WALK COMERCIO DE MOTOS LTDA;WALK SOROCABA;SOROCABA;SP
1017101;MAGGI MOTOS LTDA;MAGGI;ITU;SP
1014587;TATUI MOTOS LTDA;MOTO GUIA TATUI;TATUI;SP
1051695;FIGUEIREDO S/A;MOTOFIC;AVARE;SP
1012509;TP MOTOS E PECAS LTDA;TP MOTOS;ITAPEVA;SP
1594805;NOVAMOTO VEICULOS LTDA;NOVAMOTO BAURU;BAURU;SP
1604682;WALK COMERCIO DE MOTOS LTDA;WALK VOTORANTIM;VOTORANTIM;SP
1605866;VEICULOS SUPER MOTO LTDA;SUPERMOTO LENCOIS;LENCOIS PAULISTA;SP
1607720;BICUDO MOTOS LTDA;BICUDO MOTOS;REGISTRO;SP
1609731;MOTOPLAZA COMERCIO E REP LTDA;MOTOPLAZA BARRA;BARRA BONITA;SP
1613651;MONTE LEONE COML DISTR MOTOS LTDA;MONTE LEONE PIEDADE;PIEDADE;SP
1617565;NOVAMOTO VEICULOS LTDA;NOVAMOTO AGUDOS;AGUDOS;SP
1621747;MAGGI MOTOS LTDA;MAGGI SALTO;SALTO;SP
1622153;MONTE LEONE COML DISTR MOTOS LTDA;MONTE LEONE SROQUE;SAO ROQUE;SP
1624725;CAMARGO MOTOS COMERCIAL LTDA;CAIUAS MOTOS;SOROCABA;SP
1624737;SAAD E CIA COMERCIAL DE MOTOS LTDA;MOTO GUIA BOTUCATU;BOTUCATU;SP
1625341;HIPER MOTO OURINHOS LTDA;HIPERMOTO SCRPARDO;SANTA CRUZ DO RIO PARDO;SP
1015176;SAFEWAY MOTOS LTDA;SAFEWAY;RIO DE JANEIRO;RJ
1012703;MOTOCAR MOTO CARIOCA LTDA;MOTOCAR RIO;RIO DE JANEIRO;RJ
1016067;MOTOCLEAN VEICULOS LTDA;MOTOCLEAN;RIO DE JANEIRO;RJ
1017713;MOTOFACIL VEICULOS LTDA;DICASA CENTRO RIO;RIO DE JANEIRO;RJ
1022709;MOTOCAR MOTO CARIOCA LTDA;MOTOCAR NOVAIGUACU;NOVA IGUACU;RJ
1027719;MOTOFACIL VEICULOS LTDA;DICASA ITABORAI;ITABORAI;RJ
1019953;NITJAP COMERCIO DE MOTOS LTDA;DICASA MOTOS;NITEROI;RJ
1029959;NITJAP COMERCIO DE MOTOS LTDA;DICASA SAO GONCALO;SAO GONCALO;RJ
1593127;ROTA H VEICULOS LTDA;ROTA H;RIO DE JANEIRO;RJ
1594088;MOTO SUL CARIOCA LTDA;MOTOCAR BOTAFOGO;RIO DE JANEIRO;RJ
1639152;TOP MOTO CARIOCA LTDA;MOTOCAR MADUREIRA;RIO DE JANEIRO;RJ
1600032;GP MOTOS CARIOCA LTDA;MOTOCAR TIJUCA;RIO DE JANEIRO;RJ
1600033;GP MOTOS CARIOCA LTDA;MOTOCAR DUQUE CAXIAS;DUQUE DE CAXIAS;RJ
1601843;MOTOCAR MOTO CARIOCA LTDA;MOTOCAR CPO GRANDE;RIO DE JANEIRO;RJ
1613360;NITJAP COMERCIO DE MOTOS LTDA;DICASA MAGE;MAGE;RJ
1622946;RECREIO RIO MOTOS COM E REP LTDA;RECREIO ITAGUAI;ITAGUAI;RJ
1622956;RECREIO RIO MOTOS COM E REP LTDA;RECREIO ANGRA;ANGRA DOS REIS;RJ
1626981;RECREIO RIO MOTOS COM E REP LTDA;RECREIO BANGU;RIO DE JANEIRO;RJ
1628749;SAFEWAY MOTOS LTDA;SAFEWAY NILOPOLIS;NILOPOLIS;RJ
1636184;RECREIO RIO MOTOS COM E REP LTDA;RECREIO MOTOS MERITI;SAO JOAO DE MERITI;RJ
1015290;COMERCIAL RIZK DE MOTOCICLETAS LTDA;MOTO VENA;VITORIA;ES
1012630;MOTO WAVE COM E ASS TECNICA LTDA;MOTOWAVE;CABO FRIO;RJ
1591988;COMERCIAL RIZK DE MOTOCICLETAS LTDA;MOTO VENA VILA VELHA;VILA VELHA;ES
1010131;ALPINA VEICULOS LTDA;ALPINA;TERESOPOLIS;RJ
1011910;ESTRELA H MOTOS LTDA;ESTRELA H C ITAPEMIR;CACHOEIRO DE ITAPEMIRIM;ES
1042564;MOTO SCARTON LTDA;SCARTON;COLATINA;ES
1015320;MOL COMERCIO DE MOTOS LTDA;MOL;SAO MATEUS;ES
1016482;MOTOWAY DE ITAPERUNA COM MOTOS LTDA;MOTOWAY;ITAPERUNA;RJ
1016601;LUC PADUA MOTOS E REPR.LTDA;LUC;SANTO ANTONIO DE PADUA;RJ
1017306;MOTO CLASSE MOTOS LTDA;MOTOCLASSE MACAE;MACAE;RJ
1017659;ITACAR MOTOS CAMPOS LTDA;ESTRELA H CAMPOS;CAMPOS DOS GOYTACAZES;RJ
1018086;LITORAL MOTO CENTER LTDA;MOTOLITORAL;GUARAPARI;ES
1019287;MOTO MAXIMA LTDA;MOTO MAXIMA;CARIACICA;ES
1019805;ITACAR VENDA NOVA MOTOS LTDA;ESTRELA H VENDA NOVA;VENDA NOVA DO IMIGRANTE;ES
1013947;MOTO SCALA DE FRIBURGO COM MOTOS LTDA;MOTO SCALA;NOVA FRIBURGO;RJ
1027301;MOTO CLASSE MOTOS LTDA;MOTOCLASSE RIOBONITO;RIO BONITO;RJ
1025325;MOL COMERCIO DE MOTOS LTDA;MOL BARRA SFRANCISCO;BARRA DE SAO FRANCISCO;ES
1014692;ESTRELA H MOTOS RIO LTDA;ESTRELA H TRES RIOS;TRES RIOS;RJ
1024698;ESTRELA H MOTOS RIO LTDA;ESTRELA H BARRA;BARRA DO PIRAI;RJ
1052560;MOTO SCARTON LTDA;SCARTON SAO GABRIEL;SAO GABRIEL DA PALHA;ES
1594368;SUPER MANIA COMERCIO DE MOTOS LTDA;MOTOMANIA;VOLTA REDONDA;RJ
1639886;MOTO SCARTON LTDA;SCARTON AFONSO CLAUD;AFONSO CLAUDIO;ES
1641345;GOLDEN RIO COMERCIO DE MOTOS LTDA;GOLDEN RIO;RESENDE;RJ
1624890;ESTRELA H MOTOS RIO LTDA;ESTRELA H VALENCA;VALENCA;RJ
1605865;SUPER MANIA COMERCIO MOTOS LTDA;MOTOMANIA BARRAMANSA;BARRA MANSA;RJ
1614261;ESTRELA H MOTO  SERRA LTDA;ESTRELA H SERRA;SERRA;ES
1620722;RECREIO RIO MOTOS COM E REP LTDA;RECREIO MOTOS;PETROPOLIS;RJ
1629621;LAGUNA MOTOS COMERCIO DE MOTOS LTDA;LAGUNA MOTOS;LINHARES;ES
1629959;LAGUNA MOTOS -  COMERCIO DE MOTOS LTDA;LAGUNA ARACRUZ;ARACRUZ;ES
1630176;ESTRELA H MOTOS LTDA;ESTRELA H ALEGRE;ALEGRE;ES
1630838;ESTRELA H MOTO SERRA LTDA;ESTRELA H S M JETIBA;SANTA MARIA DE JETIBA;ES
1636218;MOTO WAVE COM ASSIST TECNICA LTDA;MOTO WAVE ARARUAMA;ARARUAMA;RJ
1636501;MOL COMERCIO DE MOTOS LTDA;MOL VENECIA;NOVA VENECIA;ES
1638105;RSF COMERCIO MOTOC E SERV LTDA;LAGUNA MOTOS VITORIA;VITORIA;ES
1010328;AUTOCAR S/A VEICULOS E EQUIPAMENTOS;MOTOCITY MATRIZ;BELO HORIZONTE;MG
1011332;EASY WAY MOTOS LTDA;EASY WAY;CONSELHEIRO LAFAIETE;MG
1012606;MOTO STAR LTDA;MOTOSTAR PARADEMINAS;PARA DE MINAS;MG
1014927;BANDEIRANTE MOTOS LTDA;BANDEIRANTE MOTOS;SETE LAGOAS;MG
1015648;OTOBAI VEICULOS E PECAS LTDA;OTOBAI;BELO HORIZONTE;MG
1017438;MINAS MOTOS LTDA;MINASMOTOS;BELO HORIZONTE;MG
1019970;MOTO BH LTDA;MOTO BH;BELO HORIZONTE;MG
1028995;BY MOTO LTDA;BY MOTO BETIM;BETIM;MG
1011960;MOTO FEST LTDA;MOTO FEST;CONTAGEM;MG
1016644;CASA CRUZEIRO MOTOS ACESSORIOS LTDA;CASA CRUZEIRO;FORMIGA;MG
1018094;LIDERANCA MOTOS LTDA;LIDERANCA;DIVINOPOLIS;MG
1018990;BY MOTO LTDA;BY MOTO;BELO HORIZONTE;MG
1019791;MARTINELLI MOTOS LTDA;MARTINELLI MOTOS;BOM DESPACHO;MG
1012339;MAXMOTO LTDA;MAXMOTO;PONTE NOVA;MG
1022334;MAXMOTO LTDA;MAXMOTO VICOSA;VICOSA;MG
1014358;SOUZA MILBRATZ MOTOS LTDA;MAXMOTO J MONLEVADE;JOAO MONLEVADE;MG
1592860;OTOBAI VEICULOS E PECAS LTDA;OTOBAI PEDRO I;BELO HORIZONTE;MG
1593499;SOUZA MILBRATZ MOTOS LTDA;MAXMOTO MARIANA;MARIANA;MG
1594089;MINAS MOTOS LTDA;MINASMOTOS  BARREIRO;BELO HORIZONTE;MG
1596260;TOP MOTOS VEICULOS E PECAS LTDA;BY MOTO ITAUNA;ITAUNA;MG
1640682;MOTO FEST LTDA;MOTO FEST CENTRO;CONTAGEM;MG
1600843;AUTOCAR S/A VEICULOS E EQUIPAMENTOS;MOTOCITY ALIPIO;BELO HORIZONTE;MG
1607971;BY MOTO LTDA;BY MOTO SANTA LUZIA;SANTA LUZIA;MG
1611274;MOTO STAR LTDA;MOTOSTAR NOVASERRANA;NOVA SERRANA;MG
1618876;OTOBAI VEICULOS E PECAS LTDA;OTOBAI RIBEIRAONEVES;RIBEIRAO DAS NEVES;MG
1623906;BY MOTO LTDA;BY MOTO BETIM II;BETIM;MG
1629925;BY MOTO LTDA;BY MOTO VENDA NOVA;BELO HORIZONTE;MG
1634310;OTOBAI VEICULOS E PECAS LTDA;OTOBAI SABARA;SABARA;MG
1591816;BRENO MOTOS LTDA;MOTO PASSOS;PASSOS;MG
1010530;CAPI COML DE AUTOM PIMENTA LTDA;CAPI;VARGINHA;MG
1011146;DAYTONA COM E REPRESENTACOES LTDA;DAYTONA;POCOS DE CALDAS;MG
1014129;GUIOMOTO LTDA;GUIOMOTO;SAO LOURENCO;MG
1012320;MAVIMOTO LTDA;MAVIMOTO;IPATINGA;MG
1012487;MOTOGERAL COM  DE MOTOS ACESSORIOS  LTDA;MOTOGERAL;ITAJUBA;MG
1012819;BY MOTO LAVRAS VEICULOS E PEC LTDA;BY MOTO LAVRAS;LAVRAS;MG
1022326;MAVIMOTO LTDA;MAVIMOTO TIMOTEO;TIMOTEO;MG
1022814;BY MOTO LAVRAS VEICULOS E PEC LTDA;BY MOTO OLIVEIRA;OLIVEIRA;MG
1014366;EXXEL BRASILEIRA MOTOS LTDA;EXXEL MOTOS;GUAXUPE;MG
1031899;BRAG MOTO COM DE VEICS E MAQUINAS LTDA;BRAGMOTO EXTREMA;EXTREMA;MG
1032518;MOTOLIDER COMERCIO E REPRESENTACOES LTDA;MOTOLIDER CARANGOLA;CARANGOLA;MG
1015710;MOTOBELLA LTDA;MOTOBELLA;CATAGUASES;MG
1025716;MOTOBELLA LTDA;MOTOBELLA A.PARAIBA;ALEM PARAIBA;MG
1015281;MOTOPLUS COMERCIO DE VEICULOS LTDA;MOTOPLUS;JUIZ DE FORA;MG
1012517;MOTOLIDER COMERCIO REPRESENTACOES LTDA;MOTOLIDER;MURIAE;MG
1016563;RAFA MOTO CARATINGA LTDA;RAFA;CARATINGA;MG
1016814;WERNER MOTOS LTDA;WERNER;MANHUACU;MG
1019341;MOTO STAR T. C. LTDA;MOTOSTAR T CORACOES;TRES CORACOES;MG
1016598;TAOZINHO MOTOS LTDA;TAOZINHO;UBA;MG
1639159;MAVIMOTO LTDA;MAVIMOTO CORONEL;CORONEL FABRICIANO;MG
1600539;INDEPENDENCIA COMERCIO DE MOTOS LTDA;INDEPENDENCIA MOTOS;JUIZ DE FORA;MG
1602351;RAFA MOTO DEL REI LTDA;RAFA DEL REI;SAO JOAO DEL REI;MG
1607415;ALVES E ESTEVEZ COMERCIO MOTOS LTDA;GOLDEN BOA ESPERANCA;BOA ESPERANCA;MG
1618229;BY MOTO SUL DE MINAS VEIC PEC LTDA;BY MOTO SUL;POUSO ALEGRE;MG
1625635;RAFA MOTO BARBACENA LTDA;RAFA BARBACENA;BARBACENA;MG
1631061;ALVES E ESTEVEZ COMERCIO DE MOTOS LTDA;GOLDEN CAMPO BELO;CAMPO BELO;MG
1633189;BY MOTO ALFENAS VEICULOS E PECAS LTDA;BY MOTO ALFENAS;ALFENAS;MG
1634751;INDEPENDENCIA COM DE MOTOS LTDA;INDEPENDENCIA SJ NEP;SAO JOAO NEPOMUCENO;MG
1637217;TAOZINHO MOTOS LTDA;TAOZINHOMOTOS VISCON;VISCONDE DO RIO BRANCO;MG
1638443;TERRA BOA MOTOS PECAS E SERVICOS LTDA;TERRA BOA ITABIRA;ITABIRA;MG
1014439;CARDOSO MOTO LTDA;CARDOSO;UBERLANDIA;MG
1011421;DOMINGOS ZEMA MOTOS LTDA;DOMINGOS ZEMA;ARAXA;MG
1012207;LUCASA COM E REPRESENTACOES LTDA;DUAS RODAS;UBERLANDIA;MG
1012690;MOTOCAR LTDA;MOTOCAR PATOS;PATOS DE MINAS;MG
1012649;MOTO ZEMA LTDA;MOTOZEMA;UBERABA;MG
1015478;COMERCIAL DE VEICULOS ZUM LTDA;MOTOZUM;ITUIUTABA;MG
1029932;ARAMOTO ARAGUARI MOTOS LTDA;ARAMOTO PATROCINIO;PATROCINIO;MG
1017721;JAMES MOTO SHOP LTDA;JAMES MOTO SHOP;JANAUBA;MG
1025457;FARIA MOTOS LTDA;FARIAMOTOS FRUTAL;FRUTAL;MG
1019864;AZ MOTOS LTDA;AZ MOTOS;PIRAPORA;MG
1011162;MOTO FIRE COMERCIO LTDA;MOTO FIRE;CURVELO;MG
1027727;JAMES MOTO SHOP LTDA;JAMESMOTO JANUARIA;JANUARIA;MG
1019937;ARAMOTO ARAGUARI MOTOS LTDA;ARAMOTO;ARAGUARI;MG
1012614;MOTO NANUQUE LTDA;MOTONANUQUE NANUQUE;NANUQUE;MG
1032615;MOTO NANUQUE LTDA;MOTONANUQUE SALINAS;SALINAS;MG
1022601;MOTO NANUQUE LTDA;MOTONANUQUE ALMENARA;ALMENARA;MG
1022563;MOTO SCARTON LTDA;SCARTON MANTENA;MANTENA;MG
1016253;MOTOMOL GV LTDA;MOTOMOL;GOVERNADOR VALADARES;MG
1639160;ANTARES MOTOS, SERV E PECAS LTDA;ANTARES MOTOS;MONTES CLAROS;MG
1601421;BY MOTO GV VEICULOS E PECAS LTDA;BY MOTO VALADARES;GOVERNADOR VALADARES;MG
1620138;FREEDOM MINAS LTDA;FREEDOM MINAS;UNAI;MG
1620437;FREEDOM MINAS LTDA;FREEDOM M PARACATU;PARACATU;MG
1628860;MOTOLIDER COMERCIO REPRESENTACOES LTDA;MOTOLIDER T OTONI;TEOFILO OTONI;MG
1628874;MOTOLIDER COMERCIO REPRESENTACOES LTDA;MOTOLIDER CAPELINHA;CAPELINHA;MG
1635739;TERRA BOA MOTOS PECAS E SERVICOS LTDA;TERRA BOA GUANHAES;GUANHAES;MG
1011340;MOTO FOR COM DISTR AUTOMOTORES LTDA;MOTOFOR;GOIANIA;GO
1010743;CICAL MOTONAUTICA LTDA;CICAL;GOIANIA;GO
1010654;CCA MOTOS LTDA;CCA ANAPOLIS;ANAPOLIS;GO
1014102;MOTOBEL MOTOS BELMONTE LTDA;MOTOBEL MOTOS;SAO LUIS DE MONTES BELOS;GO
1011286;SUDOESTE MOTOS E ACESSORIOS LTDA;SUDOESTE;RIO VERDE;GO
1014617;REVENDEDORA SUL GOIANA MOTOS LTDA;FORMULA R;CATALAO;GO
1014862;MENEZES & CARVALHO LTDA;TRIALMOTO;JATAI;GO
1018248;ATLAS COM MOTOS E PECAS LTDA;MOTOBRAZ;GOIANIA;GO
1018370;MOTOCALDAS LTDA;MOTOCALDAS;CALDAS NOVAS;GO
1018426;ARAGUAIA COMERCIAL MOTOS DE URUACU LTDA;ARAGUAIA MOTOS;URUACU;GO
1018868;MOTO & MOTORES LUZIANIA LTDA;MOTO E CIA;LUZIANIA;GO
1019228;MOTO AIRES LTDA;MOTO AIRES;APARECIDA DE GOIANIA;GO
1019740;MOTOS ITUMBIARA LTDA;MOTOGOL ITUMBIARA;ITUMBIARA;GO
1018477;MOTOGOL MOTOS GOIATUBA LTDA;MOTOGOL GOIATUBA;GOIATUBA;GO
1019902;MOTO FORMOSA LTDA;MOTO FORMOSA;FORMOSA;GO
1014510;MOTOGARCAS COMERCIO DE VEICULOS E PECAS;MOTOGARCAS JUSSARA;JUSSARA;GO
1024868;MENEZES & CARVALHO LTDA;TRIALMOTO MINEIROS;MINEIROS;GO
1029746;MOTOS ITUMBIARA LTDA;MOTOGOL QUIRINOPOLIS;QUIRINOPOLIS;GO
1024108;MOTOBEL MOTOS BELMONTE LTDA;MOTOBEL IPORA;IPORA;GO
1596962;JESUS E SANTOS COM E REPRESENTACOES LTDA;MOTO UNIAO;ITABERAI;GO
1597123;ARAGUAIA COMERCIAL MOTOS DE URUACU LTDA;ARAGUAIA PORANGATU;PORANGATU;GO
1600721;MAGRIL MOTOCICLETAS LTDA;MAGRIL CERES;CERES;GO
1605787;MOTO FORMOSA LTDA;MOTO FORMOSA POSSE;POSSE;GO
1606965;MOTOGOL MOTOS GOIATUBA LTDA;MOTOGOL MORRINHOS;MORRINHOS;GO
1608274;MOTO AIRES LTDA;MOTO AIRES INHUMAS;INHUMAS;GO
1620438;MOTO E MOTORES LUZIANIA LTDA;MOTO E CIA A L GOIAS;AGUAS LINDAS DE GOIAS;GO
1629559;CICAL MOTONAUTICA LTDA;CICAL TRINDADE;TRINDADE;GO
1632856;ATLAS COM MOTOS E PECAS LTDA;MOTOBRAZ GARAVELO;APARECIDA DE GOIANIA;GO
1634062;CICAL MOTONAUTICA LTDA;CICAL LUDOVICO;GOIANIA;GO
1634848;MOTO FOR COM DISTR AUTOMOTORES LTDA;MOTOFOR N.ESPERANCA;GOIANIA;GO
1634849;MOTO AIRES LTDA;MOTO AIRES SENCANEDO;SENADOR CANEDO;GO
1014978;COMERCIAL MOTOTRES LTDA;MOTOTRES;TRES LAGOAS;MS
1015354;MOTOS MATO GROSSO LTDA;COMETA CACERES;CACERES;MT
1018361;CAIOBA MOTOCICLETAS E PECAS LTDA;CAIOBACAMPOGRANDE;CAMPO GRANDE;MS
1014080;COXIM COMERCIO DE VEICULOS E MOTOS LTDA;MASTTER MOTO;COXIM;MS
1014552;MOTOGARCAS COMERCIO E PARTICIPACOES LTDA;MOTOGARCAS MT;BARRA DO GARCAS;MT
1024558;MOTOGARCAS COMERCIO E PARTICIPACOES LTDA;MOTOGARCAS VILARICA;VILA RICA;MT
1018221;MOTO IDEAL LTDA;MOTOIDEAL;SINOP;MT
1018175;MOTORACA LTDA;MOTORACA;VARZEA GRANDE;MT
1011383;ENDO COM DE VEICULOS LTDA;ENDO DOURADOS;DOURADOS;MS
1012991;CANAA VEICULOS LTDA;CANAA;NAVIRAI;MS
1015052;NARA MOTOS COM DE VEICULOS LTDA;NARAMOTOS;DOURADOS;MS
1031384;ENDO COM DE VEICULOS LTDA;ENDO NANDRADINA;NOVA ANDRADINA;MS
1016172;CAIOBA MOTOCICLETAS E PECAS LTDA;CAIOBACORUMBA;CORUMBA;MS
1018736;PARANAIBA MOTOS LTDA;COMETA PARANAIBA;PARANAIBA;MS
1019031;MERCANTIL LUNA LTDA;PLANETARIUM MOTOS;CUIABA;MT
1019325;ALTA FLORESTA MOTOS LTDA;COMETA ALTA FLORESTA;ALTA FLORESTA;MT
1019732;QUEIROZ MOTOS CUIABA LTDA;QUEIROZ CUIABA;CUIABA;MT
1019457;QUEIROZ CENTER MOTOS LTDA;QUEIROZ TANGARASERRA;TANGARA DA SERRA;MT
1019856;MERCANTIL ADHARA LTDA;CANOPUS MOTOS JUINA;JUINA;MT
1028227;MOTO IDEAL LTDA;MOTOIDEAL SORRISO;SORRISO;MT
1025350;MOTOS MATO GROSSO LTDA;COMETA PONTESLACERDA;PONTES E LACERDA;MT
1019988;MOTO CAMPO PRIMAVERA LTDA;MOTO CAMPO PRIMAVERA;PRIMAVERA DO LESTE;MT
1012460;MOTO CAMPO LTDA;MOTOCAMPO RONDONOPOL;RONDONOPOLIS;MT
1029452;QUEIROZ CENTER MOTOS LTDA;QUEIROZ LUCAS;LUCAS DO RIO VERDE;MT
1593703;AQUIDAMOTO MOTOCICLETAS E PECAS LTDA;CAIOBA AQUIDAUANA;AQUIDAUANA;MS
1639121;MOTUS COMERCIO DE VEICULOS E MOTOS LTDA;COVEL MOTOS;CAMPO GRANDE;MS
1642199;COMETA CAMPO GRANDE COM DE MOTOS LTDA;COMETA CAMPO GDE;CAMPO GRANDE;MS
1600670;ALTA FLORESTA MOTOS LTDA;COMETA COLIDER;COLIDER;MT
1618872;MERCANTIL ADHARA LTDA;CANOPUS MOTOS JUARA;JUARA;MT
1623556;AQUIDAMOTO MOTOCICLETAS E PECAS LTDA;CAIOBA JARDIM;JARDIM;MS
1629912;MOTO RACA LTDA;MOTO RACA A VERMELHA;VARZEA GRANDE;MT
1637142;VIA OESTE MOTOS LTDA;VIA OESTE MOTOS;PONTA PORA;MS
1027697;RONDO MOTOS LTDA;RONDOMOTOS JARU;JARU;RO
1023365;RODAO AUTO PECAS LTDA;RODAO GUAJARAMIRIM;GUAJARA-MIRIM;RO
1013360;RODAO AUTO PECAS LTDA;RODAO;PORTO VELHO;RO
1015001;COMETA JI-PARANA MOTOS LTDA;COMETA JI-PARANA;JI-PARANA;RO
1017578;STAR MOTOS LTDA;STAR MOTOS;RIO BRANCO;AC
1018884;AMAZONAS MOTOCENTER COM DE MOTOS LTDA;AMAZONAS MOTOCENTER;MANAUS;AM
1592100;COMETA AMAZONIA MOTOS LTDA;COMETA TABATINGA;TABATINGA;AM
1017519;MANAUS MOTOCENTER LTDA;MANAUS MCENTER;MANAUS;AM
1014455;CENTAURUS MOTOS LTDA;CENTAURUS MOTOS;MANAUS;AM
1027514;MANAUS MOTOCENTER LTDA;AMAZONIA MOTOCENTER;ITACOATIARA;AM
1013890;COMETA AMAZONIA MOTOS LTDA;COMETA TEFE;TEFE;AM
1012380;RORAIMA MOTORES LTDA;MOTORAIMA;BOA VISTA;RR
1013025;ACRE MOTORS LTDA;ACRE MOTORS;RIO BRANCO;AC
1025007;COMETA JI-PARANA MOTOS LTDA;COMETA OUROPRETO;OURO PRETO DO OESTE;RO
1022385;RORAIMA MOTORES LTDA;MILENIUM MOTOS;BOA VISTA;RR
1019589;COMERCIAL CRUZEIRO DO SUL LTDA;CANOPUS;VILHENA;RO
1017691;RONDO MOTOS LTDA;RONDOMOTOS ARIQUEMES;ARIQUEMES;RO
1019848;POLARIS MOTOCENTER LTDA;CANOPUS ROLIM MOURA;ROLIM DE MOURA;RO
1019015;AMOCA LTDA;AGUIAMOTOS;CACOAL;RO
1609214;MANAUS MOTOCENTER LTDA;PARINTINS MOTOCENTER;PARINTINS;AM
1611901;JURUA MOTOCENTER LTDA;JURUA MOTOCENTER;CRUZEIRO DO SUL;AC
1616560;CENTAURUS MOTOS LTDA;CANOPUS COARI;COARI;AM
1624662;MASTTER MOTO COM VEICS MOTOS LTDA;MASTTER PORTO VELHO;PORTO VELHO;RO
1026127;APEU VEICULOS MOTOS E PECAS LTDA;APEU ANANINDEUA;ANANINDEUA;PA
1016121;APEU VEICULOS MOTOS E PECAS LTDA;APEU;CASTANHAL;PA
1014854;XINGU MOTOS LTDA;XINGUMOTOS;ALTAMIRA;PA
1015664;MONACO MOTOCENTER COMERCIAL LTDA;MONACO;BELEM;PA
1017160;ARAUTO MOTOS LTDA;ARAUTOMOTOS;REDENCAO;PA
1017225;R MOTOS LTDA;REVEMAR MARABA;MARABA;PA
1027166;ARAUTO MOTOS LTDA;ARAUTOTUCUMA;TUCUMA;PA
1014501;COMETA MOTO CENTER LTDA;COMETA BELEM;BELEM;PA
1025660;MONACO MOTOCENTER COMERCIAL LTDA;MONACO CAPANEMA;CAPANEMA;PA
1027220;R MOTOS LTDA;REVEMAR PARAGOMINAS;PARAGOMINAS;PA
1013980;MONACO MOTOCENTER COMERCIAL LTDA;MONACO MACAPA;MACAPA;AP
1596296;ARAUTO MOTOS LTDA;ARAUTO XINGUARA;XINGUARA;PA
1596596;R MOTOS LTDA;REVEMAR TUCURUI;TUCURUI;PA
1597219;WPP COMERCIO DE MOTOS LTDA;REVEMAR BELEM;BELEM;PA
1597453;WPP COMERCIO DE MOTOS LTDA;REVEMAR ABAETETUBA;ABAETETUBA;PA
1607649;MONACO MOTOCENTER LAGOA COMERCIAL LTDA;MONACO LAGOA;MACAPA;AP
1614888;R MOTOS LTDA;REVEMAR PARAUAPEBAS;PARAUAPEBAS;PA
1614950;MONACO COMERCIAL MOTOCICLETAS LTDA;MONACO SANTAREM;SANTAREM;PA
1624088;TAPAJOS COMERCIO DE MOTOS LTDA;TAPAJOS MOTOS;SANTAREM;PA
1624091;TAPAJOS COMERCIO DE MOTOS LTDA;TAPAJOS ITAITUBA;ITAITUBA;PA
1016741;SERTAVEL COM DE MOTOS E ACESS LTDA;SERTAVEL;GURUPI;TO
1017586;SERRA VERDE COMERCIAL DE MOTOS LTDA;SERRA VERDE;PALMAS;TO
1018353;PARAISO COMERCIO DE MOTOS LTDA;PARAISOMOTOS;PARAISO DO TOCANTINS;TO
1019333;TAGUATINGA MOTOS LTDA;SATELITE MOTOS;BRASILIA;DF
1019813;MERCANTIL POLLUX LTDA;POLLUX MOTOS;BRASILIA;DF
1028359;PARAISO COMERCIO DE MOTOS LTDA;PARAISO GUARAI;GUARAI;TO
1024302;R MOTOS LTDA;REVEMAR COLINAS;COLINAS DO TOCANTINS;TO
1010468;FREEDOM MOTORS LTDA;FREEDOM MOTORS;BRASILIA;DF
1014463;PORTO MOTOS COMERCIO DE MOTOS LTDA;SERRAVERDE PORTO NAC;PORTO NACIONAL;TO
1014307;R MOTOS LTDA;REVEMAR ARAGUAINA;ARAGUAINA;TO
1592718;MERCANTIL POLLUX LTDA;POLLUX CEILANDIA;BRASILIA;DF
1593079;TAGUATINGA MOTOS LTDA;SATELITE SAMAMBAIA;BRASILIA;DF
1593730;FREEDOM MOTORS LTDA;FREEDOM GAMA;BRASILIA;DF
1597121;R MOTOS LTDA;REVEMAR TOCANTINOPOLIS;TOCANTINOPOLIS;TO
1604420;MOTO POINT COMERCIO E SERV DE VEICS LTDA;MOTO POINT;BRASILIA;DF
1604421;MOTO POINT COMERCIO E SERV DE VEICS LTDA;MOTOPOINT SOBRADINHO;BRASILIA;DF
1012681;MOTOCA MOTORES TOCANTINS LTDA;MOTOCA;IMPERATRIZ;MA
1018124;CIRO NOGUEIRA COM DE MOTOCICLETAS LTDA;CNMOTOS CAXIAS;CAXIAS;MA
1018337;GRAUNA MOTOS E MOTORES LTDA;GRAUNA;BALSAS;MA
1019082;MONACO MOTOCENTER MARANHAO LTDA;MONACO SAO LUIS;SAO LUIS;MA
1019708;PARNAUTO CHAPADINHA LTDA;PARNAUTO CHAPADINHA;CHAPADINHA;MA
1028120;CIRO NOGUEIRA COM DE MOTOCICLETAS LTDA;CNMOTOS CODO;CODO;MA
1038125;CIRO NOGUEIRA COM DE MOTOCICLETAS LTDA;CNMOTOS PRES DUTRA;PRESIDENTE DUTRA;MA
1022687;MOTOCA MOTORES TOCANTINS LTDA;MOTOCA ACAILANDIA;ACAILANDIA;MA
1032682;MOTOCA MOTORES TOCANTINS LTDA;MOTOCA GRAJAU;GRAJAU;MA
1028332;GRAUNA MOTOS E MOTORES LTDA;GRAUNA ESTREITO;ESTREITO;MA
1014528;MARANHAO MOTOS LTDA;MARANHAO MOTOS;SANTA INES;MA
1013530;MEARIM MOTOS LTDA;MEARIM MOTOS;PEDREIRAS;MA
1024418;SOL NASCENTE MOTOS LTDA;SOL NASCENTE TIMON;TIMON;MA
1593550;ALVORADA MOTOCICLETAS LTDA;ALVORADA MOTOS;SAO LUIS;MA
1593565;ALVORADA MOTOCICLETAS LTDA;ALVORADA PINHEIRO;PINHEIRO;MA
1593761;CIRO NOGUEIRA COM DE MOTOCICLETAS LTDA;CN MOTOS BARRA CORDA;BARRA DO CORDA;MA
1641568;JAPAN MOTOS LTDA;JAPAN MOTOS L PEDRA;LAGO DA PEDRA;MA
1641727;JAPAN MOTOS LTDA;JAPAN MOTOS COROATA;COROATA;MA
1641731;ALVORADA MOTOCICLETAS LTDA;ALVORADA ROSARIO;ROSARIO;MA
1607722;MEARIM MOTOS LTDA;MEARIM SJPATOS;SAO JOAO DOS PATOS;MA
1609735;MONACO MOTOCENTER MARANHAO LTDA;MONACO ITAPECURU;ITAPECURU MIRIM;MA
1617778;JAPAN MOTOS LTDA;JAPAN MOTOS;BACABAL;MA
1627336;MRS MOTOS LTDA;NOVOSOL MOTOS;SAO LUIS;MA
1632382;MARANHAO MOTOS ZE DOCA LTDA;MARANHAO ZE DOCA;ZE DOCA;MA
1592059;MOTORAC LTDA;MOTORAC PESQUEIRA;PESQUEIRA;PE
1012878;MOTORAC LTDA;MOTORAC CARUARU;CARUARU;PE
1012851;MOTOPARTS COMERCIO E IMPORTACAO LTDA;MOTOPARTS RECIFE;RECIFE;PE
1015702;SERTAMOL SERRA TALHADA MOTOS E PCS LTDA;SERTAMOL;SERRA TALHADA;PE
1015605;TAMBORIL MOTOS LTDA;TAMBORIL;ARCOVERDE;PE
1015575;SERRAMOTO LTDA;SERRAMOTO TIMBAUBA;TIMBAUBA;PE
1018167;JAMOTO JABOATAO MOTOS E PECAS LTDA;JAMOTO;JABOATAO DOS GUARARAPES;PE
1019023;MARAVILHA MOTOS LTDA;MARAVILHA MOTOS;RECIFE;PE
1019317;MOTO MAIS LTDA;MOTOMAIS;OLINDA;PE
1019406;LIMOEIRO MOTOS COMERCIAL LTDA;MOTORAC LIMOEIRO;LIMOEIRO;PE
1018922;EURICO PARENTE MUNIZ FILHO & CIA LTDA;ALIANCA MOTOS;SALGUEIRO;PE
1025570;SERRAMOTO LTDA;SERRAMOTO CARPINA;CARPINA;PE
1022857;MOTOPARTS COMERCIO E IMPORTACAO LTDA;MOTOPARTS VITORIA;VITORIA DE SANTO ANTAO;PE
1019651;DISTRIBUIDORA MOTOCICLETAS E VEICS LTDA;MOTOSHOP;RECIFE;PE
1022873;MOTORAC LTDA;MOTORAC BELOJARDIM;BELO JARDIM;PE
1028928;EURICO PARENTE MUNIZ FILHO & CIA LTDA;ALIANCA ARARIPINA;ARARIPINA;PE
1029657;DISTRIBUIDORA MOTOCICLETAS E VEICS LTDA;MOTOSHOP CAXANGA;RECIFE;PE
1028162;JAMOTO JABOATAO MOTOS E PECAS LTDA;JAMOTO ESCADA;ESCADA;PE
1029312;MOTO MAIS LTDA;MOTOMAIS ABREU LIMA;ABREU E LIMA;PE
1035576;SERRAMOTO LTDA;SERRAMOTO GOIANA;GOIANA;PE
1032879;MOTORAC LTDA;MOTORAC STA CRUZ;SANTA CRUZ DO CAPIBARIBE;PE
1032852;MOTOPARTS COMERCIO E IMPORTACAO LTDA;MOTOPARTS CASA AMARELA;RECIFE;PE
1025708;SERTAMOL SERRA TALHADA MOTOS E PCS LTDA;SERTAMOL PETROLANDIA;PETROLANDIA;PE
1025600;TAMBORIL MOTOS LTDA;TAMBORIL AFOGADOS;AFOGADOS DA INGAZEIRA;PE
1592526;RIUNA MOTOS LTDA;RIUNA MOTOS;PALMARES;PE
1595790;EURICO PARENTE MUNIZ FILHO & CIA LTDA;ALIANCA OURICURI;OURICURI;PE
1598025;MARAVILHA MOTOS LTDA;MARAVILHA JEQUIA;RECIFE;PE
1606549;LIMOEIRO MOTOS COMERCIAL LTDA;MOTORAC SURUBIM;SURUBIM;PE
1611856;MARAVILHA MOTOS LTDA;MARAVILHA CARUARU;CARUARU;PE
1612006;PETROLINA MOTOS LTDA;PETROLINA MOTOS;PETROLINA;PE
1618092;MELO & ALVES MOTOS LTDA;ALVES MOTOS;GARANHUNS;PE
1624696;PETROLINA MOTOS LTDA;PETROLINA HONORATO;PETROLINA;PE
1625460;PERNAMBUCO MOTOS LTDA;PERNAMBUCO MOTOS;PAULISTA;PE
1628118;SUAPE MOTOS LTDA;SUAPE MOTOS;CABO DE SANTO AGOSTINHO;PE
1628621;MELO & ALVES MOTOS LTDA;ALVES MOTOS CONSELHO;BOM CONSELHO;PE
1631454;MOTORAC LTDA;MOTORAC TORITAMA;TORITAMA;PE
1633186;SERRAMOTO LTDA;SERRAMOTO ITAMBE;ITAMBE;PE
1634061;MARAVILHA MOTOS LTDA;MARAVILHA BEZERROS;BEZERROS;PE
1021273;DISMOTO DISTRIB DE MOTOCICLETAS LTDA;DISMOTO PENEDO;PENEDO;AL
1010646;CAVALCANTI & PRIMO;CAVALCANTI;CAJAZEIRAS;PB
1011022;CONVEM COMERCIO DE VEICS E MOTORES LTDA;CONVEM;MACEIO;AL
1011278;DISMOTO DISTRIB  DE MOTOCICLETAS LTDA;DISMOTO;ARAPIRACA;AL
1012827;MOTOMAR PECAS E ACESSORIOS LTDA;MOTOMAR;JOAO PESSOA;PB
1011642;GRAN MOTO CAMPINA GDE  MOTORES LTDA;GRANMOTO;CAMPINA GRANDE;PB
1018108;FORMULA H COMERCIO DE MOTOS LTDA;FORMULAH;SOUSA;PB
1019376;POLO MOTOS LTDA;POLO MOTOS;GUARABIRA;PB
1015435;ITABAIANA COM IMP VEICS PCS SERV LTDA;ITABAIANA;ITABAIANA;SE
1018876;NORDESTE MOTOS LTDA;NORDESTE MOTOS;LAGARTO;SE
1019180;ESTANCIA MOTO LTDA;ESTANCIA MOTO;ESTANCIA;SE
1018930;ARIBE COM IMP DE VEICS PECAS SERV LTDA;ARIBEMOTOS;ARACAJU;SE
1592183;CONVEM IPANEMA MOTOS LTDA;CONVEM IPANEMA;SANTANA DO IPANEMA;AL
1592184;CONVEM COMERCIO DE VEICS E MOTORES LTDA;CONVEM SAO MIGUEL;SAO MIGUEL DOS CAMPOS;AL
1011103;GLORIA MOTOS LTDA;GLORIA MOTOS;NOSSA SENHORA DA GLORIA;SE
1028103;FORMULA H COMERCIO DE MOTOS LTDA;FORMULAH SAO BENTO;SAO BENTO;PB
1022822;MOTOMAR PECAS E ACESSORIOS LTDA;MOTOMAR MAMANGUAPE;MAMANGUAPE;PB
1020641;CAVALCANTI & PRIMO VEICULOS LTDA;CAVALCANTI ITAPORANG;ITAPORANGA;PB
1013815;NOVO RUMO MOTORES E PECAS LTDA;NOVO RUMO;JOAO PESSOA;PB
1012053;MOTOPOP LTDA;MOTOPOP;ARACAJU;SE
1592305;DISMOTO DISTRIB DE MOTOCICLETAS LTDA;DISMOTO PALMEIRA;PALMEIRA DOS INDIOS;AL
1013912;ATLANTICA MOTOS LTDA;ATLANTICA MOTOS;MACEIO;AL
1594547;CONVEM IPANEMA MOTOS LTDA;CONVEM DELMIRO;DELMIRO GOUVEIA;AL
1594600;MARAVILHA MOTOS PATOS LTDA;MARAVILHA MONTEIRO;MONTEIRO;PB
1596489;MARAVILHA MOTOS PATOS LTDA;MARAVILHA PATOS;PATOS;PB
1641668;MUNIZ FILHO E CIA LTDA;ALIANCA MACEIO;MACEIO;AL
1609189;NOVO RUMO MOTORES E PECAS LTDA;NOVO RUMO SAPE;SAPE;PB
1616543;NOVO RUMO MOTORES E PECAS LTDA;NOVO RUMO MANGABEIRA;JOAO PESSOA;PB
1617163;NOVO RUMO MOTORES E PECAS LTDA;NOVO RUMO CAMPINA;CAMPINA GRANDE;PB
1623268;FORMULA H COMERCIO DE MOTOS LTDA;FORMULAH POMBAL;POMBAL;PB
1629723;FORMULA H COMERCIO DE MOTOS LTDA;FORMULAH CATOLE;CATOLE DO ROCHA;PB
1625319;NORDESTE MOTOS LTDA;NORDESTE T BARRETO;TOBIAS BARRETO;SE
1631726;MARAVILHA MOTOS LTDA;MARAVILHA ARACAJU;ARACAJU;SE
1634063;MOTOMAR PECAS E ACESSORIOS LTDA;MOTOMAR SANTA RITA;SANTA RITA;PB
1638047;GRAN MOTO CAMP GRANDE MOTORES LTDA;GRAN MOTO QUEIMADAS;QUEIMADAS;PB
1014218;TROPICAL MOTOS LTDA;TROPICAL SENHORBONFI;SENHOR DO BONFIM;BA
1016334;MOTOPEL MOTOS E PECAS LTDA;MOTOPEL FEIRASANTANA;FEIRA DE SANTANA;BA
1017403;MOTOS POMBAL LTDA;MOTOSPOMBAL;RIBEIRA DO POMBAL;BA
1018710;GUANAMBI COMERCIAL DE MOTOS LTDA;RODALEVE GUANAMBI;GUANAMBI;BA
1019058;LARA MOTO CENTER LTDA;MOTOPEL ALAGOINHAS;ALAGOINHAS;BA
1019171;MOTOTRAIL COMERCIO DE VEICULOS LTDA;MOTOTRAIL;SERRINHA;BA
1019538;COMERCIAL DE MOTOC E PECAS OASIS LTDA;OASIS;PAULO AFONSO;BA
1019554;COMERCIAL DE MOTOS IRECE LTDA;TROPICAL IRECE;IRECE;BA
1024213;TROPICAL MOTOS LTDA;TROPICAL JACOBINA;JACOBINA;BA
1029720;M&M MOTOS LTDA;M&M MOTOS SEABRA;SEABRA;BA
1014145;MOTO ITABERABA LTDA;MOTO ITABERABA;ITABERABA;BA
1026330;MOTOPEL MOTOS E PECAS LTDA;MOTOPEL IPIRA;IPIRA;BA
1027409;MOTOS POMBAL LTDA;MOTOSPOMBAL EUCLIDES;EUCLIDES DA CUNHA;BA
1014544;MOTO & TRILHA COMERCIO DE VEICULOS LTDA;MOTO E TRILHA;BOM JESUS DA LAPA;BA
1639153;MOTO CLUBE LTDA;MOTO CLUBE TOMBA;FEIRA DE SANTANA;BA
1641189;RIO VALE COMERCIO DE MOTOS LTDA;RIOVALE MOTOS C.NOVA;CASA NOVA;BA
1606597;MOTO CLUBE LTDA;MOTO CLUBE;FEIRA DE SANTANA;BA
1629102;MOTO & TRILHA COM DE VEICULOS  LTDA;MOTO E TRILHA SMARIA;SANTA MARIA DA VITORIA;BA
1611900;LARA MOTO CENTER LTDA;MOTOPEL CATU;CATU;BA
1612004;RIO VALE COMERCIO MOTOS LTDA;RIOVALE MOTOS;JUAZEIRO;BA
1612005;RIO VALE COMERCIO MOTOS LTDA;RIOVALE MOTOSREMANSO;REMANSO;BA
1615822;LUZ MOTOS,COMERCIO,SERVICOS E PECAS LTDA;LUZ MOTOS;BARREIRAS;BA
1618877;MOTOPEL MOTOS E PECAS LTDA;MOTOPEL STO ESTEVAO;SANTO ESTEVAO;BA
1627428;LUZ MOTOS,COMERCIO,SERVICOS E PECAS LTDA;LUZ MOTOS MAGALHAES;LUIS EDUARDO MAGALHAES;BA
1016571;BRASMOTO BRASILEIRO MOTOS LTDA;BRASMOTO;EUNAPOLIS;BA
1018493;WANMOTOS PECAS E ACESSORIOS LTDA;WANMOTOS;JEQUIE;BA
1028499;WANMOTOS PECAS E ACESSORIOS LTDA;WANMOTOS IPIAU;IPIAU;BA
1014838;RODALEVE COMERCIAL DE MOTOS LTDA;RODALEVE;VITORIA DA CONQUISTA;BA
1017004;MOTOPEMA MOTOS E PECAS LTDA;MOTOPEMA SALVADOR;SALVADOR;BA
1017560;JUPARA MOTOS PECAS E ACESSORIOS LTDA;JUPARA MOTOS;ITABUNA;BA
1017926;MOTOSOL MOTOCICLETAS LTDA;MOTOSOL;SANTO ANTONIO DE JESUS;BA
1027000;MOTOPEMA MOTOS E PECAS LTDA;MOTOPEMA CAMACARI;CAMACARI;BA
1019520;SALVADOR MOTOS LTDA;NOVOTEMPOSALVADOR;SALVADOR;BA
1029525;SALVADOR MOTOS LTDA;NOVOTEMPOLITORAL;LAURO DE FREITAS;BA
1019660;MOTO SUL PECAS E SERVICOS LTDA;MOTOSUL;TEIXEIRA DE FREITAS;BA
1019724;M&M MOTOS LTDA;M&M MOTOS BRUMADO;BRUMADO;BA
1010093;REALEZA MOTOS LTDA;REALEZA MOTOS;ITAPETINGA;BA
1592970;JUPARA MOTOS PECAS E ACESSORIOS LTDA;JUPARA ILHEUS;ILHEUS;BA
1603602;ASA MOTO CENTER COMERCIO E SERVICOS LTDA;ASA MOTO CENTER;SALVADOR;BA
1603603;ASA MOTO CENTER COMERCIO E SERVICOS LTDA;ASA SANTO AMARO;SANTO AMARO;BA
1610086;ASA MOTO CENTER COM E SERV LTDA;ASA CANDEIAS;CANDEIAS;BA
1612202;MOTO CONQUISTA LTDA;MOTO CONQUISTA;VITORIA DA CONQUISTA;BA
1613897;TRILHA SUL MOTOS COM DE VEICULOS LTDA;TRILHA SUL MOTOS;ITABUNA;BA
1614998;VALENCA MOTOS E PECAS LTDA;NOVOTEMPO VALENCA;VALENCA;BA
1622601;REVEMAR COMERCIO DE MOTOS LTDA;REVEMAR SALVADOR;SALVADOR;BA
1623260;MOTO SUL PECAS E SERVICOS LTDA;MOTOSUL ITAMARAJU;ITAMARAJU;BA
1623291;BRASMOTO BRASILEIRO MOTOS LTDA;BRASMOTO P SEGURO;PORTO SEGURO;BA
1635402;VALENCA MOTOS E PECAS LTDA;NOVOTEMPO C ALMAS;CRUZ DAS ALMAS;BA
1013211;POTIGUAR VEICULOS LTDA;POTIGUAR;NATAL;RN
1012754;MOTOESTE MOTORES PECAS ACESS OESTE LTDA;MOTOESTE;MOSSORO;RN
1011839;COMERCIAL MOTOTEC LTDA;MOTOTECCURRAIS NOVOS;CURRAIS NOVOS;RN
1012029;JOTAL LTDA;JOTAL TERESINA;TERESINA;PI
1013149;PARNAUTO VEICULOS LTDA;PARNAUTO PARNAIBA;PARNAIBA;PI
1017829;P N MOTOS ALTO OESTE LTDA;MOTOESTEFERROS;PAU DOS FERROS;RN
1017870;CAJUEIRO MOTOS LTDA;CAJUEIROMOTOS;FLORIANO;PI
1015974;PICOS MOTOS PECAS E SERVICOS LTDA;NEW MOTOS;PICOS;PI
1018051;COMERCIAL MOTOTEC LTDA;MOTOTECCAICO;CAICO;RN
1018728;BR MOTO PECA E SERVICO LTDA;BR MOTO;PARNAMIRIM;RN
1023217;POTIGUAR VEICULOS LTDA;POTIGUAR NORTE;NATAL;RN
1022024;JOTAL LTDA;JOTAL CAMPOMAIOR;CAMPO MAIOR;PI
1022750;MOTOESTE MOTORES PECAS ACESS OESTE LTDA;MOTOESTE ASSU;ACU;RN
1592173;CIRNE COMERCIO SERVICOS MOTOS LTDA;CIRNE MOTOS;NATAL;RN
1025970;PICOS MOTOS PECAS E SERVICOS LTDA;NEW MOTOS PAULISTANA;PAULISTANA;PI
1035975;PICOS MOTOS PECAS E SERVICOS LTDA;NEW MOTOS OEIRAS;OEIRAS;PI
1013017;SERRANA MOTOS LTDA;SERRANA MOTOS;SAO RAIMUNDO NONATO;PI
1032020;JOTAL LTDA;JOTAL NORTE;TERESINA;PI
1014412;SOL NASCENTE MOTOS LTDA;SOL NASCENTE;TERESINA;PI
1042025;JOTAL LTDA;JOTAL AGUA BRANCA;AGUA BRANCA;PI
1595308;SERRANA MOTOS SUL LTDA;SERRANA CORRENTE;CORRENTE;PI
1596772;PARNAUTO PIRIPIRI LTDA;PARNAUTO PIRIPIRI;PIRIPIRI;PI
1597120;SERRANA MOTOS SUL LTDA;SERRANA BOM JESUS;BOM JESUS;PI
1600341;CAJUEIRO MOTOS LTDA;CAJUEIRO URUCUI;URUCUI;PI
1611902;CIRNE COMERCIO SERVICOS MOTOS LTDA;CIRNE MACAU;MACAU;RN
1614572;MOTOESTE MOTORES PECAS ACESS OESTE LTDA;MOTOESTE ABOLICAO;MOSSORO;RN
1624249;BAIXA VERDE MOTO PECA E SERV LTDA;BAIXA VERDE;JOAO CAMARA;RN
1629578;BR MOTO PECA E SERVICO LTDA;BR NOVA CRUZ;NOVA CRUZ;RN
1629587;COMERCIAL MOTOTEC LTDA;MOTOTEC SANTA CRUZ;SANTA CRUZ;RN
1635267;CIRNE COMERCIO SERVICOS MOTOS LTDA;CIRNE CEARA-MIRIM;CEARA-MIRIM;RN
1010042;IBIAPABA MOTOS LTDA;IBIAPABA MOTOS;TIANGUA;CE
1020676;CEARA MOTOS LTDA;CEARA MARACANAU;MARACANAU;CE
1014536;NOSSAMOTO LTDA;NOSSAMOTO;FORTALEZA;CE
1010670;CEARA MOTOS LTDA;CEARA;FORTALEZA;CE
1014889;COMERCIAL UNIMAQ LTDA;UNIMAQ;FORTALEZA;CE
1016938;AUGE MOTOS LTDA;AUGE MOTOS;FORTALEZA;CE
1018060;ELLO COMERCIO DE MOTOS LTDA;ELLO MOTOS;CANINDE;CE
1018132;ITAMOTOS LTDA;ITAMOTOS;ITAPIPOCA;CE
1019279;FORT MOTOS LTDA;FORT MOTOS;FORTALEZA;CE
1014161;SOBRAL MOTOS VEICULOS LTDA;AUGE MOTOS SOBRAL;SOBRAL;CE
1028138;ITAMOTOS LTDA;ITAMOTOS ITAPAJE;ITAPAJE;CE
1024884;COMERCIAL UNIMAQ LTDA;UNIMAQ PACAJUS;PACAJUS;CE
1597512;IBIAPABA MOTOS LTDA;IBIAPABA IPU;IPU;CE
1608275;NOSSAMOTO LTDA;NOSSAMOTO CAUCAIA;CAUCAIA;CE
1614410;NORTMOTOS COMERCIAL MOTOCICLETAS LTDA;NORTMOTOS;SOBRAL;CE
1614579;FORT MOTOS LTDA;FORTMOTOS MESSEJANA;FORTALEZA;CE
1630184;IBIAPABA MOTOS LTDA;IBIAPABA SAOBENEDITO;SAO BENEDITO;CE
1630795;NOSSAMOTO LTDA;NOSSAMOTO BATURITE;BATURITE;CE
1636216;FORT MOTOS LTDA;FORT MARANGUAPE;MARANGUAPE;CE
1032720;MOTOCEDRO COMERCIAL DE MOTOS LTDA;SERTAO MOTOS;QUIXERAMOBIM;CE
1012720;MOTOCEDRO COMERCIAL DE MOTOS LTDA;MOTOCEDRO;QUIXADA;CE
1012347;VALE DO JAGUARIBE COML MOTOS LTDA;VALEMOTOS;RUSSAS;CE
1014900;ARARIPE VEICULOS LTDA;ARARIPE;JUAZEIRO DO NORTE;CE
1017772;POTY MOTOS LTDA;POTY MOTOS;CRATEUS;CE
1018183;INHAMUNS MOTOS LTDA;INHAMUNSMOTOS;TAUA;CE
1019830;CENTRO SUL MOTOS LTDA;CENTRO SUL;IGUATU;CE
1022725;MOTOCEDRO COMERCIAL DE MOTOS LTDA;MOTOCEDRO BOA VIAGEM;BOA VIAGEM;CE
1642208;COMERCIAL DE MOTOS LTDA;CARIRI MOTOS B SANTO;BREJO SANTO;CE
1600844;L A COMERCIO E SERV DE MOTOCICLETAS LTDA;NOVA ONDA;ARACATI;CE
1601422;CARIRI COMERCIAL DE MOTOS LTDA;CARIRI MOTOS;JUAZEIRO DO NORTE;CE
1609668;CENTRO SUL MOTOS LTDA;CENTRO SUL ICO;ICO;CE
1613898;CARIRI COMERCIAL DE MOTOS LTDA;CARIRI MOTOS CRATO;CRATO;CE
1615593;L A COM E SERV DE MOTOCICLETAS LTDA;NOVA ONDA LIMOEIRO N;LIMOEIRO DO NORTE;CE
1627817;L.A COMERCIO E SERV MOTOCICLETAS LTDA;NOVA ONDA IGUATU;IGUATU;CE
1632224;CARIRI COMERCIAL DE MOTOS LTDA;CARIRI CAMPOS SALES;CAMPOS SALES;CE
1017888;R C C MOTOS LTDA;RCC MOTOS;PALOTINA;PR
1011545;FUJISAWA CIA LTDA;FUJI-MOTO;UMUARAMA;PR
1011634;GRACIANO E CIA LTDA;GRACIANO;CORNELIO PROCOPIO;PR
1012843;MOTOPARK COM  DE VEICULOS LTDA;MOTOPARK;CASCAVEL;PR
1013637;STATUS COMERCIO DE VEICULOS LTDA;STATUS;TOLEDO;PR
1012070;KAEFER MOTOS LTDA;KAEFER;MARECHAL CANDIDO RONDON;PR
1016504;SCHMIDT MOTOS LTDA;SCHMIDT;SANTO ANTONIO DA PLATINA;PR
1016768;KAITO MOTO LTDA;KAITO MOTO;IVAIPORA;PR
1016580;USSO MOTORS COM MOTOS E PECAS LTDA;USSO;APUCARANA;PR
1012088;KALLAS VEICULOS LTDA;KALLAS ARAPONGA;ARAPONGAS;PR
1057073;BLOKTON EMPREENDIMENTOS COM S/A;BLOKTONPARANAVAI;PARANAVAI;PR
1037072;BLOKTON EMPREENDIMENTOS COM S/A;BLOKTONLONDRINA;LONDRINA;PR
1027077;BLOKTON EMPREENDIMENTOS COM S/A;BLOKTONCASCAVEL;CASCAVEL;PR
1047078;BLOKTON EMPREENDIMENTOS COM S/A;BLOKTONMARINGA;MARINGA;PR
1017624;KALLAS MOTO LTDA;KALLAS LONDRINA;LONDRINA;PR
1593337;FREE-WAY COMERCIO DE MOTOCICLETAS LTDA;FREE-WAY;MARINGA;PR
1593463;FREE-WAY COMERCIO DE MOTOCICLETAS LTDA;FREE-WAY PARANAVAI;PARANAVAI;PR
1593464;FREE-WAY COMERCIO DE MOTOCICLETAS LTDA;FREE-WAY CAMPOMOURAO;CAMPO MOURAO;PR
1618377;BLOKTON EMPREENDIMENTOS COM S/A;BLOKTON IBIPORA;IBIPORA;PR
1619959;RONY MOTOS LTDA;RONY MOTOS;ASSIS CHATEAUBRIAND;PR
1619963;RONY MOTOS LTDA;RONY GOIOERE;GOIOERE;PR
1624526;KALLAS MOTO LTDA;KALLAS CAMBE;CAMBE;PR
1625158;FREE-WAY COMERCIO DE MOTOCICLETAS LTDA;FREE-WAY CIANORTE;CIANORTE;PR
1012959;TIBAGI MOTOS LTDA;TIBAGI CASTRO;CASTRO;PR
1591817;SAMBAQUI MOTOS LTDA;SAMBAQUI;PARANAGUA;PR
1024370;MOTONDA COMERCIO DE VEICULOS S/A;MOTONDA PINHAIS;CURITIBA;PR
1591939;CABRAL MOTOR SAO JOSE LTDA;CABRAL SAO JOSE;SAO JOSE DOS PINHAIS;PR
1591940;BLOKTON EMPREENDIMENTOS COM S/A;BLOKTON PINHEIRINHO;CURITIBA;PR
1017071;BLOKTON EMPREENDIMENTOS COM S/A;BLOKTONCURITIBA;CURITIBA;PR
1011790;HOBBY COMERCIO  DE VEICULOS S/A;HOBBY CURITIBA;CURITIBA;PR
1014374;MOTONDA COMERCIO DE VEICULOS S/A;MOTONDA;CURITIBA;PR
1014030;COLOMBO  MAINETTI E CIA LTDA;CABRAL;CURITIBA;PR
1011049;CORUJONDA COM  DE VEICULOS LTDA;SERVOPA PONTA GROSSA;PONTA GROSSA;PR
1012452;MOTEC VEICULOS LTDA;MOTEC;FOZ DO IGUACU;PR
1015168;VEIMOTO COM DE MOTOCICLETAS LTDA;VEIMOTO;REALEZA;PR
1013351;RIO BRANCO VEICULOS LTDA;RIO BRANCO;FRANCISCO BELTRAO;PR
1019210;MOTOACAO MOTOCICLETAS E NAUTICA LTDA;MOTOACAO;PATO BRANCO;PR
1014277;LOBO MOTOS LTDA;LOBO MOTOS;GUARAPUAVA;PR
1010085;WDD COMERCIO DE MOTOS LTDA;WDD MOTOS;UNIAO DA VITORIA;PR
1592672;TIBAGI MOTOS LTDA;TIBAGI TELEMACO;TELEMACO BORBA;PR
1594092;SUL BRASIL COMERCIO DE MOTOS LTDA;ARAUTO IRATI;IRATI;PR
1600862;MAVESUL MOTOS LTDA;SERVOPA MOTOS;CURITIBA;PR
1624665;BLOKTON EMPREENDIMENTOS COM S/A;BLOKTONARAUCARIA;ARAUCARIA;PR
1618057;COLOMBO MAINETTI E CIA LTDA;CABRAL COLOMBO;COLOMBO;PR
1618058;MAVESUL MOTOS LTDA;SERVOPA CAMPO LARGO;CAMPO LARGO;PR
1627427;MOTTAI COMERCIO DE VEICULOS LTDA;MOTTAI MOTOS;PONTA GROSSA;PR
1019473;MOTO JOP LTDA;MOTO JOP;URUSSANGA;SC
1011200;DIMASA DISTR MAQ AUT SERV AUTOP LTDA;DIMASAARARANGUA;ARARANGUA;SC
1012592;MOTO SPORT LTDA;MOTOSPORT;LAGES;SC
1013734;TONI CENTER INDUSTRIA E COMERCIO LTDA;TONI CENTER;ITAJAI;SC
1014021;ZANATTA COM  DE MOTOCICLETAS LTDA;MOTOZAN;CRICIUMA;SC
1015443;AMAURI PECAS E VEICULOS LTDA;AMAURI;SAO JOSE;SC
1015850;MEGA MOTOS COMERCIO IMP E EXP LTDA;MEGA MOTOS;BRUSQUE;SC
1016016;PROMENAC MOTOS LTDA;PROMENAC;ITAJAI;SC
1016156;DIMASA DISTR MAQ AUT SERV AUTOP LTDA;DIMASACRICIUMA;CRICIUMA;SC
1018230;DORVALINO MOTOS LTDA;DORVALINOMOTOS;PALHOCA;SC
1019945;COMAT MOTOS LTDA;COMAT;TUBARAO;SC
1019112;TONI CENTER INDUSTRIA E COM LTDA;TONI CENTER CAMBORIU;BALNEARIO CAMBORIU;SC
1600274;VALMORZINHO MOTOS LTDA;VALMORZINHO MOTOS;LAGUNA;SC
1607721;DORVALINO MOTOS LTDA;DORVALINO TIJUCAS;TIJUCAS;SC
1607723;PROMENAC MOTOS LTDA;PROMENAC BCAMBORIU;BALNEARIO CAMBORIU;SC
1614209;VIA PORTO MOTOS LTDA;VIA PORTO FLORIANO;FLORIANOPOLIS;SC
1627146;VIA PORTO MOTOS LTDA;VIA PORTO ILHA;FLORIANOPOLIS;SC
1631727;MEGA MOTOS COMERCIO IMP E EXP LTDA;MEGA MOTOS SJBATISTA;SAO JOAO BATISTA;SC
1018698;BREITKOPF MOTOS LTDA;BREITKOPF JOINVILLE;JOINVILLE;SC
1017292;GAMBATTO MOTOS LTDA;GAMBATTO CHAPECO;CHAPECO;SC
1010964;COMERCIAL PEROZIN DE MOTOS LTDA;PEROZIN;CONCORDIA;SC
1010921;COMERCIO DE VEICULOS BEHR LTDA;BEHR;SAO BENTO DO SUL;SC
1012738;MOTOCENTER COM DE MOTOCICLETAS LTDA;MOTOCENTER;JOACABA;SC
1013831;GAMBATTO MOTOS SAO MIGUEL LTDA;GAMBATTO SAO MIGUEL;SAO MIGUEL DO OESTE;SC
1013858;VIDECROSS COM DE MOTOS LTDA;VIDECROSS VIDEI;VIDEIRA;SC
1023853;VIDECROSS COM DE MOTOS LTDA;VIDECROSS CACAD;CACADOR;SC
1015842;REGATA COMERCIO DE MOTOS LTDA;REGATA;RIO DO SUL;SC
1018310;BREITKOPF MOTOS LTDA;BREITKOPF BLUM;BLUMENAU;SC
1019686;KG MOTOS LTDA;KG MOTOS;JOINVILLE;SC
1019678;ITAPIRANGA MOTOS LTDA;ITAPIRANGA MOTOS;ITAPIRANGA;SC
1035843;REGATA COMERCIO DE MOTOS LTDA;REGATA BLUMENAU;BLUMENAU;SC
1029681;KG MOTOS LTDA;KG MOTOS MAFRA;MAFRA;SC
1039687;KG MOTOS LTDA;KG JARAGUA DO SUL;JARAGUA DO SUL;SC
1592855;J.GAMBATTO MOTOS LTDA;GAMBATTO XANXERE;XANXERE;SC
1594091;CECCATO COMERCIO DE MOTOS LTDA;CECCATO MOTOS;CURITIBANOS;SC
1641561;KG MOTOS LTDA;KG MOTOS IRIRIU;JOINVILLE;SC
1601141;KG MOTOS LTDA;KG CANOINHAS;CANOINHAS;SC
1605789;REGATA COMERCIO DE MOTOS LTDA;REGATA INDAIAL;INDAIAL;SC
1612902;KG MOTOS LTDA;KG SAO FRANCISCO;SAO FRANCISCO DO SUL;SC
1629944;J.GAMBATTO MOTOS LTDA;GAMBATTO SLOURENCO;SAO LOURENCO DO OESTE;SC
1634060;BREITKOPF MOTOS LTDA;BREITKOPF GASPAR;GASPAR;SC
1010077;CANDEMIL MOTOS LTDA;CANDEMIL;TAQUARA;RS
1016490;TURBO MOTOCICLETAS E SERVICOS LTDA;TURBO;PORTO ALEGRE;RS
1010980;COMOTO COMERCIAL  DE MOTOS LTDA;COMOTO;NOVO HAMBURGO;RS
1010476;CAMAN COMERCIAL DE VEICULOS LTDA;CAMAN;SANTO ANTONIO DA PATRULHA;RS
1010816;COMERCIAL DE VEIC BRASILEIROS LTDA;COVIBRAS;VACARIA;RS
1013793;VALECAR VEICULOS E PECAS LTDA;VALECROSS LAJEADO;LAJEADO;RS
1021206;DIMASA DISTR MAQ AUT SERV AUTOP LTDA;DIMASATORRES;TORRES;RS
1015273;MOTOLIFE VEICULOS E ACESSORIOS LTDA;MOTOLIFE;BENTO GONCALVES;RS
1015397;MOTOCAXIAS LTDA;MOTOCAXIAS;CAXIAS DO SUL;RS
1023799;VALECAR VEICULOS E PECAS LTDA;VALECROSS SCRUZ;SANTA CRUZ DO SUL;RS
1018744;GRAVA MOTOS LTDA;GRAVA MOTOS;GRAVATAI;RS
1033794;VALECAR VEICULOS E PECAS LTDA;VALECROSS CANOAS;CANOAS;RS
1019961;VIA PORTO MOTOS LTDA;VIA PORTO MOTOS;PORTO ALEGRE;RS
1593462;COMOTO COMERCIAL DE MOTOS LTDA;COMOTO CAXIAS;CAXIAS DO SUL;RS
1639122;VALECAR VEICULOS E PECAS LTDA;VALECROSS CAVALHADA;PORTO ALEGRE;RS
1639158;VIA PORTO MOTOS LTDA;VIA PORTO SAO LEOPOL;SAO LEOPOLDO;RS
1596071;ESTACAO MOTOS E SERVICOS LTDA;ESTACAO H;PORTO ALEGRE;RS
1596294;VALECAR VEICULOS E PECAS LTDA;VALECROSS V.AIRES;VENANCIO AIRES;RS
1641903;VALECAR VEICULOS E PECAS LTDA;VALECROSS MONTENEGRO;MONTENEGRO;RS
1599462;COMOTO COMERCIAL DE MOTOS LTDA;COMOTO SAPIRANGA;SAPIRANGA;RS
1605796;VALECAR VEICULOS E PECAS LTDA;VALECROSS TEUTONIA;TEUTONIA;RS
1609005;VIA PORTO MOTOS LTDA;VIA PORTO VIAMAO;VIAMAO;RS
1617180;VALECAR VEICULOS E PECAS LTDA;VALECROSS SOLEDADE;SOLEDADE;RS
1618055;TURBO MOTOCICLETAS E SERVICOS LTDA;TURBO ALVORADA;ALVORADA;RS
1619725;COMOTO COMERCIAL DE MOTOS LTDA;COMOTO CENTRO;NOVO HAMBURGO;RS
1623253;VALECAR VEICULOS E PECAS LTDA;VALECROSS CHARQUEADA;CHARQUEADAS;RS
1628303;COMOTO COMERCIAL DE MOTOS LTDA;COMOTO CAXIAS II;CAXIAS DO SUL;RS
1016539;SANTA VITORIA COM IMP VEIC PECAS LTDA;SANTA VITORIA;SANTA VITORIA DO PALMAR;RS
1020412;BRAMOTO MOTOCICLETAS LTDA;BRAMOTO SMARIA;SANTA MARIA;RS
1023055;ODORICO M MONTEIRO S/A IND COMERCIO;ODORICO MONTEIRO;PELOTAS;RS
1013084;ORION MOTOS E MOTORES LTDA;ORION;RIO GRANDE;RS
1030418;BRAMOTO MOTOCICLETAS LTDA;BRAMOTO SAOBORJA;SAO BORJA;RS
1019627;COMERCIO DE MOTOCICLETAS PAIOL LTDA;PAIOL MOTOS;ERECHIM;RS
1028740;GRAVA MOTOS LTDA;GRAVA MOTOS STA ROSA;SANTA ROSA;RS
1038745;GRAVA MOTOS LTDA;GRAVAMOTOS SAO LUIZ;SAO LUIZ GONZAGA;RS
1010417;BRAMOTO MOTOCICLETAS LTDA;BRAMOTO CSUL;CACHOEIRA DO SUL;RS
1594644;BRAMOTO MOTOCICLETAS LTDA;BRAMOTO SANTIAGO;SANTIAGO;RS
1595451;MOTODEZ LTDA;MOTODEZ;PELOTAS;RS
1600406;BRAMOTO MOTOCICLETAS LTDA;BRAMOTO SAO GABRIEL;SAO GABRIEL;RS
1609741;SPENGLER MOTOS E PECAS LTDA;SPENGLER MOTOS;ALEGRETE;RS
1610367;VIA PASSOS VEICULOS LTDA;VIA PASSOS;TRES PASSOS;RS
1617357;SULBRADR COMERCIO DE MOTOS LTDA;SULBRA MOTOS;CAMAQUA;RS
1618054;SULBRADR COMERCIO DE MOTOS LTDA;SULBRA GUAIBA;GUAIBA;RS
1622061;RIO SUL COM DE MOTOCICLETAS LTDA;RIO SUL CRUZ ALTA;CRUZ ALTA;RS
1622062;RIO SUL COM DE MOTOCICLETAS LTDA;RIO SUL IJUI;IJUI;RS
1625352;BALLUARTE MOTOS LTDA;BALLUARTE S LIVRAMEN;SANTANA DO LIVRAMENTO;RS
1625364;BALLUARTE MOTOS LTDA;BALLUARTE BAGE;BAGE;RS
1628022;BRAMOTO MOTOCICLETAS LTDA;BRAMOTO ROSARIO SUL;ROSARIO DO SUL;RS
1628286;SPENGLER MOTOS E PECAS LTDA;SPENGLER URUGUAIANA;URUGUAIANA;RS
1628855;BELLOTTI & FERST MOTORES LTDA;PAMPA MOTOS;PANAMBI;RS
1637662;GAMBATTO COMERCIO DE MOTOS LTDA;GAMBATTO  FREDERICO;FREDERICO WESTPHALEN;RS
1637665;GAMBATTO COMERCIO DE MOTOS LTDA;GAMBATTO PMISSOES;PALMEIRA DAS MISSOES;RS
1638145;MOTODEZ LTDA;MOTODEZ PASSO FUNDO;PASSO FUNDO;RS
1638148;MOTODEZ LTDA;MOTODEZ CARAZINHO;CARAZINHO;RS
